sample_id	r1	r2	genus	species	subspecies	organism	source	run	sample_number	museum	museum_id	tube_id	concentration_ng_ul	library_treatment	r1_duplication_rate	r2_duplication_rate	r1_gc_fraction	r2_gc_fraction	r1_median_read_length_bp	r2_median_read_length_bp	r1_sequence_count	r2_sequence_count	original_pair_name
ambloplites_rupestris_run_may2026_016	16_FNMH_128315_AGTGTTCGCC-TCACTTCATG_L001_R1_001.fastq.gz	16_FNMH_128315_AGTGTTCGCC-TCACTTCATG_L001_R2_001.fastq.gz	Ambloplites	rupestris		Ambloplites rupestris	FMNH	run_May2026	16	FMNH	FNMH 128315	FNMH 128315	7.26		0.011	0.015	0.42	0.42	149	149	26.1M	26.1M	16_FNMH_128315_AGTGTTCGCC-TCACTTCATG_L001
ameiurus_melas_run_may2026_057	57_FMNH_130191_CCTTGTAGCG-GCTGGCTCAA_L001_R1_001.fastq.gz	57_FMNH_130191_CCTTGTAGCG-GCTGGCTCAA_L001_R2_001.fastq.gz	Ameiurus	melas		Ameiurus melas	FMNH	run_May2026	57	FMNH	FMNH 130191	FMNH 130191	7.37		0.007	0.01	0.41	0.41	149	149	20.8M	20.8M	57_FMNH_130191_CCTTGTAGCG-GCTGGCTCAA_L001
ameiurus_natalis_run_may2026_019	19_FMNH_128157_CCGATAACTT-GTATACGGAG_L001_R1_001.fastq.gz	19_FMNH_128157_CCGATAACTT-GTATACGGAG_L001_R2_001.fastq.gz	Ameiurus	natalis		Ameiurus natalis	FMNH	run_May2026	19	FMNH	FMNH 128157	FMNH 128157	8.72		0.016	0.021	0.4	0.41	149	149	23.7M	23.7M	19_FMNH_128157_CCGATAACTT-GTATACGGAG_L001
ameiurus_nebulosus_run_may2026_047	47_FMNH_129969_CCAACTCCGA-GCGTTACTCC_L001_R1_001.fastq.gz	47_FMNH_129969_CCAACTCCGA-GCGTTACTCC_L001_R2_001.fastq.gz	Ameiurus	nebulosus		Ameiurus nebulosus	FMNH	run_May2026	47	FMNH	FMNH 129969	FMNH 129969	3.36		0.007	0.012	0.4	0.41	149	149	22.5M	22.5M	47_FMNH_129969_CCAACTCCGA-GCGTTACTCC_L001
amia_calva_run_may2026_101	101_TF_1436_TATGAGCCAA-CTCAGTCTGG_L001_R1_001.fastq.gz	101_TF_1436_TATGAGCCAA-CTCAGTCTGG_L001_R2_001.fastq.gz	Amia	calva		Amia calva	INHS	run_May2026	101	INHS	INHS 107629	TF 1436	26.7		0.018	0.021	0.41	0.41	149	149	18.2M	18.2M	101_TF_1436_TATGAGCCAA-CTCAGTCTGG_L001
ammocrypta_clara_run_may2026_107	107_TF_0687_GTGTGGCGAA-GAAGGTTAGA_L001_R1_001.fastq.gz	107_TF_0687_GTGTGGCGAA-GAAGGTTAGA_L001_R2_001.fastq.gz	Ammocrypta	clara		Ammocrypta clara	INHS	run_May2026	107	INHS	INHS 48706	TF 0687	8.87		0.037	0.037	0.41	0.41	139	139	22.9M	22.9M	107_TF_0687_GTGTGGCGAA-GAAGGTTAGA_L001
anguilla_rostrata_run_may2026_103	103_TF_1419_AACTCGTTAG-ATGAGGCACC_L001_R1_001.fastq.gz	103_TF_1419_AACTCGTTAG-ATGAGGCACC_L001_R2_001.fastq.gz	Anguilla	rostrata		Anguilla rostrata	INHS	run_May2026	103	INHS	INHS 109729	TF 1419	41.3		0.013	0.015	0.44	0.44	149	149	17.1M	17.1M	103_TF_1419_AACTCGTTAG-ATGAGGCACC_L001
aphredoderus_sayanus_run_may2026_032	32_FMNH_131190_ACTGTCTATC-GTCCACGTTG_L001_R1_001.fastq.gz	32_FMNH_131190_ACTGTCTATC-GTCCACGTTG_L001_R2_001.fastq.gz	Aphredoderus	sayanus		Aphredoderus sayanus	FMNH	run_May2026	32	FMNH	FMNH 131190	FMNH 131190	3.12		0.005	0.01	0.43	0.43	149	149	23.8M	23.8M	32_FMNH_131190_ACTGTCTATC-GTCCACGTTG_L001
aplodinotus_grunniens_run_may2026_066	66_FMNH_118392_ACTTCCGGCA-CGTGTAACTT_L001_R1_001.fastq.gz	66_FMNH_118392_ACTTCCGGCA-CGTGTAACTT_L001_R2_001.fastq.gz	Aplodinotus	grunniens		Aplodinotus grunniens	FMNH	run_May2026	66	FMNH	FMNH 118392	FMNH 118392	2.25		0.012	0.016	0.41	0.41	149	149	21.5M	21.5M	66_FMNH_118392_ACTTCCGGCA-CGTGTAACTT_L001
campostoma_anomalum_run_may2026_083	83_FMNH_118324_GAGTTGACAA-ACAGATGCTA_L001_R1_001.fastq.gz	83_FMNH_118324_GAGTTGACAA-ACAGATGCTA_L001_R2_001.fastq.gz	Campostoma	anomalum		Campostoma anomalum	FMNH	run_May2026	83	FMNH	FMNH 118324	FMNH 118324	3.27		0.007	0.012	0.4	0.4	149	149	20.7M	20.7M	83_FMNH_118324_GAGTTGACAA-ACAGATGCTA_L001
campostoma_oligolepis_run_may2026_015	15_FMNH_128316_TTACCGACCG-TGTCAAGCGT_L001_R1_001.fastq.gz	15_FMNH_128316_TTACCGACCG-TGTCAAGCGT_L001_R2_001.fastq.gz	Campostoma	oligolepis		Campostoma oligolepis	FMNH	run_May2026	15	FMNH	FMNH 128316	FMNH 128316	14.9		0.007	0.01	0.4	0.4	149	149	20.8M	20.8M	15_FMNH_128316_TTACCGACCG-TGTCAAGCGT_L001
carassius_auratus_run_may2026_068	68_FMNH_118325_TTGCTCTTCT-TGCGACTTCG_L001_R1_001.fastq.gz	68_FMNH_118325_TTGCTCTTCT-TGCGACTTCG_L001_R2_001.fastq.gz	Carassius	auratus		Carassius auratus	FMNH	run_May2026	68	FMNH	FMNH 118325	FMNH 118325	7.4		0.01	0.012	0.38	0.39	149	149	26.9M	26.9M	68_FMNH_118325_TTGCTCTTCT-TGCGACTTCG_L001
carpiodes_carpio_run_may2026_086	86_FMNH_118314_TCTCTGTTAG-CACGAGTATG_L001_R1_001.fastq.gz	86_FMNH_118314_TCTCTGTTAG-CACGAGTATG_L001_R2_001.fastq.gz	Carpiodes	carpio		Carpiodes carpio	FMNH	run_May2026	86	FMNH	FMNH 118314	FMNH 118314	6.1		0.002	0.005	0.39	0.39	149	149	28.6M	28.6M	86_FMNH_118314_TCTCTGTTAG-CACGAGTATG_L001
carpiodes_cyprinus_run_may2026_082	82_FMNH_118315_CGGAGGTAGA-TCCATCTGAA_L001_R1_001.fastq.gz	82_FMNH_118315_CGGAGGTAGA-TCCATCTGAA_L001_R2_001.fastq.gz	Carpiodes	cyprinus		Carpiodes cyprinus	FMNH	run_May2026	82	FMNH	FMNH 118315	FMNH 118315	1.48		0.003	0.015	0.39	0.4	149	149	23.7M	23.7M	82_FMNH_118315_CGGAGGTAGA-TCCATCTGAA_L001
carpiodes_velifer_run_may2026_020	20_FMNH_137556_TTGGACATCG-GACCAGATTC_L001_R1_001.fastq.gz	20_FMNH_137556_TTGGACATCG-GACCAGATTC_L001_R2_001.fastq.gz	Carpiodes	velifer		Carpiodes velifer	FMNH	run_May2026	20	FMNH	FMNH 137556	FMNH 137556	22.1		0.004	0.005	0.39	0.39	148	148	26.8M	26.8M	20_FMNH_137556_TTGGACATCG-GACCAGATTC_L001
catostomus_catostomus_run_may2026_038	38_FMNH_131548_GCTAGAGGTG-GTGGTTCTCC_L001_R1_001.fastq.gz	38_FMNH_131548_GCTAGAGGTG-GTGGTTCTCC_L001_R2_001.fastq.gz	Catostomus	catostomus		Catostomus catostomus	FMNH	run_May2026	38	FMNH	FMNH 131548	FMNH 131548	5.59		0.005	0.009	0.4	0.4	149	149	25.0M	25.0M	38_FMNH_131548_GCTAGAGGTG-GTGGTTCTCC_L001
catostomus_commersonii_run_may2026_089	89_FMNH_126327_CGTTCTCTTG-CCACTTGGTG_L001_R1_001.fastq.gz	89_FMNH_126327_CGTTCTCTTG-CCACTTGGTG_L001_R2_001.fastq.gz	Catostomus	commersonii		Catostomus commersonii	FMNH	run_May2026	89	FMNH	FMNH 126327	FMNH 126327	10.7		0.005	0.01	0.4	0.4	149	150	22.5M	22.5M	89_FMNH_126327_CGTTCTCTTG-CCACTTGGTG_L001
chrosomus_erythrogaster_run_may2026_058	58_FMNH_130195_ACATACGTGA-TCTGTAACGC_L001_R1_001.fastq.gz	58_FMNH_130195_ACATACGTGA-TCTGTAACGC_L001_R2_001.fastq.gz	Chrosomus	erythrogaster		Chrosomus erythrogaster	FMNH	run_May2026	58	FMNH	FMNH 130195	FMNH 130195	3.89		0.011	0.014	0.41	0.41	139	139	26.0M	26.0M	58_FMNH_130195_ACATACGTGA-TCTGTAACGC_L001
clinostomus_elongatus_run_may2026_045	45_FMNH_131903_AAGGCCATAA-TGTCCATCGG_L001_R1_001.fastq.gz	45_FMNH_131903_AAGGCCATAA-TGTCCATCGG_L001_R2_001.fastq.gz	Clinostomus	elongatus		Clinostomus elongatus	FMNH	run_May2026	45	FMNH	FMNH 131903	FMNH 131903	14.2		0.013	0.015	0.4	0.41	143	143	30.5M	30.5M	45_FMNH_131903_AAGGCCATAA-TGTCCATCGG_L001
coregonus_hoyi_before_wga_gmcf3428	Coregonus_hoyi_before_WGA_TATGAGCCAA-CTCAGTCTGG_L004_R1_001.fastq.gz	Coregonus_hoyi_before_WGA_TATGAGCCAA-CTCAGTCTGG_L004_R2_001.fastq.gz	Coregonus	hoyi		Coregonus hoyi	GMCF3428	GMCF3428						before_wga	0.036	0.03	0.44	0.44	147	147	0.4M	0.4M	Coregonus_hoyi_before_WGA_TATGAGCCAA-CTCAGTCTGG_L004
cottus_bairdii_run_may2026_092	92_FMNH_126326_CACTTAGGCG-TAGGACCTCC_L001_R1_001.fastq.gz	92_FMNH_126326_CACTTAGGCG-TAGGACCTCC_L001_R2_001.fastq.gz	Cottus	bairdii		Cottus bairdii	FMNH	run_May2026	92	FMNH	FMNH 126326	FMNH 126326	17.4		0.014	0.016	0.44	0.44	149	149	22.4M	22.4M	92_FMNH_126326_CACTTAGGCG-TAGGACCTCC_L001
cottus_cognatus_before_wga_gmcf3428	Cottus_cognatus_before_WGA_CTGCGAAGAC-AACCACTTCC_L004_R1_001.fastq.gz	Cottus_cognatus_before_WGA_CTGCGAAGAC-AACCACTTCC_L004_R2_001.fastq.gz	Cottus	cognatus		Cottus cognatus	GMCF3428	GMCF3428						before_wga	0.041	0.039	0.44	0.44	142	142	0.5M	0.5M	Cottus_cognatus_before_WGA_CTGCGAAGAC-AACCACTTCC_L004
ctenopharyngodon_idella_run_may2026_065	65_FMNH_118326_TACTCCACGG-GTTCTCATAG_L001_R1_001.fastq.gz	65_FMNH_118326_TACTCCACGG-GTTCTCATAG_L001_R2_001.fastq.gz	Ctenopharyngodon	idella		Ctenopharyngodon idella	FMNH	run_May2026	65	FMNH	FMNH 118326	FMNH 118326	22.5		0.002	0.011	0.38	0.39	150	150	23.0M	23.0M	65_FMNH_118326_TACTCCACGG-GTTCTCATAG_L001
culaea_inconstans_run_may2026_093	93_FMNH_126324_ACACTGGCTA-TCCAAGCAGG_L001_R1_001.fastq.gz	93_FMNH_126324_ACACTGGCTA-TCCAAGCAGG_L001_R2_001.fastq.gz	Culaea	inconstans		Culaea inconstans	FMNH	run_May2026	93	FMNH	FMNH 126324	FMNH 126324	28.5		0.013	0.017	0.45	0.45	149	149	26.4M	26.4M	93_FMNH_126324_ACACTGGCTA-TCCAAGCAGG_L001
cycleptus_elongatus_run_may2026_054	54_FMNH_124727_CGTGTAACTT-TTGTCACGTT_L001_R1_001.fastq.gz	54_FMNH_124727_CGTGTAACTT-TTGTCACGTT_L001_R2_001.fastq.gz	Cycleptus	elongatus		Cycleptus elongatus	FMNH	run_May2026	54	FMNH	FMNH 124727	FMNH 124727	4.49		0.006	0.008	0.4	0.4	149	149	25.8M	25.8M	54_FMNH_124727_CGTGTAACTT-TTGTCACGTT_L001
cyprinella_spiloptera_run_may2026_051	51_FMNH_129163_GGCCTTGTTA-CGTGGAACAC_L001_R1_001.fastq.gz	51_FMNH_129163_GGCCTTGTTA-CGTGGAACAC_L001_R2_001.fastq.gz	Cyprinella	spiloptera		Cyprinella spiloptera	FMNH	run_May2026	51	FMNH	FMNH 129163	FMNH 129163	0.726		0.071	0.076	0.4	0.4	149	149	20.7M	20.7M	51_FMNH_129163_GGCCTTGTTA-CGTGGAACAC_L001
cyprinus_carpio_run_may2026_012	12_FMNH_128806_GACGTCCAGA-GGTTGAATCT_L001_R1_001.fastq.gz	12_FMNH_128806_GACGTCCAGA-GGTTGAATCT_L001_R2_001.fastq.gz	Cyprinus	carpio		Cyprinus carpio	FMNH	run_May2026	12	FMNH	FMNH 128806	FMNH 128806	7.3		0.015	0.015	0.39	0.39	133	134	30.5M	30.5M	12_FMNH_128806_GACGTCCAGA-GGTTGAATCT_L001
dorosoma_cepedianum_run_may2026_085	85_FMNH_118310_AGGCCTCACA-AACAGAACCT_L001_R1_001.fastq.gz	85_FMNH_118310_AGGCCTCACA-AACAGAACCT_L001_R2_001.fastq.gz	Dorosoma	cepedianum		Dorosoma cepedianum	FMNH	run_May2026	85	FMNH	FMNH 118310	FMNH 118310	17		0.004	0.008	0.43	0.43	149	149	21.7M	21.7M	85_FMNH_118310_AGGCCTCACA-AACAGAACCT_L001
dorosoma_petenense_before_wga_gmcf3428	Dorosoma_petenense_before_WGA_CCGGAACGAA-CATAGTGTAG_L004_R1_001.fastq.gz	Dorosoma_petenense_before_WGA_CCGGAACGAA-CATAGTGTAG_L004_R2_001.fastq.gz	Dorosoma	petenense		Dorosoma petenense	GMCF3428	GMCF3428						before_wga	0.028	0.025	0.41	0.41	142	142	0.4M	0.4M	Dorosoma_petenense_before_WGA_CCGGAACGAA-CATAGTGTAG_L004
erimyzon_sucetta_before_wga_gmcf3428	Erimyzon_sucetta_before_WGA_ATATTGGAGC-TTGACCTAGC_L004_R1_001.fastq.gz	Erimyzon_sucetta_before_WGA_ATATTGGAGC-TTGACCTAGC_L004_R2_001.fastq.gz	Erimyzon	sucetta		Erimyzon sucetta	GMCF3428	GMCF3428						before_wga	0.01	0.008	0.38	0.38	147	147	0.5M	0.5M	Erimyzon_sucetta_before_WGA_ATATTGGAGC-TTGACCTAGC_L004
esox_lucius_run_may2026_094	94_FMNH_126333_ATCGCCACTG-CTGACGTGAA_L001_R1_001.fastq.gz	94_FMNH_126333_ATCGCCACTG-CTGACGTGAA_L001_R2_001.fastq.gz	Esox	lucius		Esox lucius	FMNH	run_May2026	94	FMNH	FMNH 126333	FMNH 126333	36.1		0.007	0.011	0.42	0.42	149	149	21.3M	21.3M	94_FMNH_126333_ATCGCCACTG-CTGACGTGAA_L001
etheostoma_blennioides_blennioides_before_wga_gmcf3428	Etheostoma_blennioides_blennioides_before_WGA_AAGGTGGTTG-CCGGTCATAC_L004_R1_001.fastq.gz	Etheostoma_blennioides_blennioides_before_WGA_AAGGTGGTTG-CCGGTCATAC_L004_R2_001.fastq.gz	Etheostoma	blennioides	blennioides	Etheostoma blennioides blennioides	GMCF3428	GMCF3428						before_wga	0.019	0.017	0.39	0.39	132	132	0.6M	0.6M	Etheostoma_blennioides_blennioides_before_WGA_AAGGTGGTTG-CCGGTCATAC_L004
etheostoma_caeruleum_run_may2026_076	76_FMNH_118366_TGAGATCACA-TGTACCGTGC_L001_R1_001.fastq.gz	76_FMNH_118366_TGAGATCACA-TGTACCGTGC_L001_R2_001.fastq.gz	Etheostoma	caeruleum		Etheostoma caeruleum	FMNH	run_May2026	76	FMNH	FMNH 118366	FMNH 118366	1		0.012	0.022	0.41	0.42	150	150	21.5M	21.5M	76_FMNH_118366_TGAGATCACA-TGTACCGTGC_L001
etheostoma_camurum_run_may2026_108	108_TF_0719_AAGGTGGTTG-CCGGTCATAC_L001_R1_001.fastq.gz	108_TF_0719_AAGGTGGTTG-CCGGTCATAC_L001_R2_001.fastq.gz	Etheostoma	camurum		Etheostoma camurum	INHS	run_May2026	108	INHS		TF 0719	22.2		0.011	0.011	0.41	0.41	140	139	23.3M	23.3M	108_TF_0719_AAGGTGGTTG-CCGGTCATAC_L001
etheostoma_chlorosomum_run_may2026_109	109_TF_0388_CGCTCGATTG-AATACACAGG_L001_R1_001.fastq.gz	109_TF_0388_CGCTCGATTG-AATACACAGG_L001_R2_001.fastq.gz	Etheostoma	chlorosomum		Etheostoma chlorosomum	INHS	run_May2026	109	INHS	INHS 44666	TF 0388	8.42		0.028	0.028	0.42	0.42	122	122	24.9M	24.9M	109_TF_0388_CGCTCGATTG-AATACACAGG_L001
etheostoma_exile_run_may2026_095	95_FMNH_126247_CTGACGTGAA-AGGCTATGTT_L001_R1_001.fastq.gz	95_FMNH_126247_CTGACGTGAA-AGGCTATGTT_L001_R2_001.fastq.gz	Etheostoma	exile		Etheostoma exile	FMNH	run_May2026	95	FMNH	FMNH 126247	FMNH 126247	6.38		0.018	0.02	0.41	0.41	149	149	21.0M	21.0M	95_FMNH_126247_CTGACGTGAA-AGGCTATGTT_L001
etheostoma_flabellare_run_may2026_029	29_FMNH_131909_TCCGCATAGC-TGCCTTGCGT_L001_R1_001.fastq.gz	29_FMNH_131909_TCCGCATAGC-TGCCTTGCGT_L001_R2_001.fastq.gz	Etheostoma	flabellare		Etheostoma flabellare	FMNH	run_May2026	29	FMNH	FMNH 131909	FMNH 131909	3.62		0.016	0.017	0.41	0.41	132	132	28.0M	28.0M	29_FMNH_131909_TCCGCATAGC-TGCCTTGCGT_L001
etheostoma_gracile_run_may2026_110	110_TF_0318_GTGTCGGATT-AAGCGGAGAA_L001_R1_001.fastq.gz	110_TF_0318_GTGTCGGATT-AAGCGGAGAA_L001_R2_001.fastq.gz	Etheostoma	gracile		Etheostoma gracile	INHS	run_May2026	110	INHS		TF 0318	5.28		0.033	0.032	0.42	0.42	120	120	27.1M	27.1M	110_TF_0318_GTGTCGGATT-AAGCGGAGAA_L001
etheostoma_histrio_run_may2026_111	111_TF_0501_CCACAACATG-TTACCAGTGG_L001_R1_001.fastq.gz	111_TF_0501_CCACAACATG-TTACCAGTGG_L001_R2_001.fastq.gz	Etheostoma	histrio		Etheostoma histrio	INHS	run_May2026	111	INHS	INHS 44667	TF 0501	8.94		0.012	0.013	0.41	0.41	121	121	22.6M	22.6M	111_TF_0501_CCACAACATG-TTACCAGTGG_L001
etheostoma_kennicotti_run_may2026_112	112_TF_0786_TCCGATGGAA-GTGTCGGATT_L001_R1_001.fastq.gz	112_TF_0786_TCCGATGGAA-GTGTCGGATT_L001_R2_001.fastq.gz	Etheostoma	kennicotti		Etheostoma kennicotti	INHS	run_May2026	112	INHS	INHS 50344	TF 0786	7.77		0.04	0.041	0.42	0.42	128	129	21.4M	21.4M	112_TF_0786_TCCGATGGAA-GTGTCGGATT_L001
etheostoma_microperca_run_may2026_041	41_FMNH_131189_TTGGTACGCG-TGTCCTACTA_L001_R1_001.fastq.gz	41_FMNH_131189_TTGGTACGCG-TGTCCTACTA_L001_R2_001.fastq.gz	Etheostoma	microperca		Etheostoma microperca	FMNH	run_May2026	41	FMNH	FMNH 131189	FMNH 131189	0.997		0.009	0.016	0.4	0.41	149	150	24.1M	24.1M	41_FMNH_131189_TTGGTACGCG-TGTCCTACTA_L001
etheostoma_nigrum_run_may2026_026	26_FMNH_128318_CTCTCGAGGT-TAAGGCATAG_L001_R1_001.fastq.gz	26_FMNH_128318_CTCTCGAGGT-TAAGGCATAG_L001_R2_001.fastq.gz	Etheostoma	nigrum		Etheostoma nigrum	FMNH	run_May2026	26	FMNH	FMNH 128318	FMNH 128318	3.5		0.014	0.018	0.41	0.41	150	150	23.6M	23.6M	26_FMNH_128318_CTCTCGAGGT-TAAGGCATAG_L001
etheostoma_proeliare_run_may2026_113	113_TF_0546_CAGATAAGCG-TGAAGGTGAA_L001_R1_001.fastq.gz	113_TF_0546_CAGATAAGCG-TGAAGGTGAA_L001_R2_001.fastq.gz	Etheostoma	proeliare		Etheostoma proeliare	INHS	run_May2026	113	INHS		TF 0546	1.89		0.041	0.041	0.44	0.44	122	122	23.6M	23.6M	113_TF_0546_CAGATAAGCG-TGAAGGTGAA_L001
etheostoma_spectabile_run_may2026_018	18_FMNH_128100_TCGACACGAA-CGGCTTGCAT_L001_R1_001.fastq.gz	18_FMNH_128100_TCGACACGAA-CGGCTTGCAT_L001_R2_001.fastq.gz	Etheostoma	spectabile		Etheostoma spectabile	FMNH	run_May2026	18	FMNH	FMNH 128100	FMNH 128100	1.43		0.009	0.015	0.41	0.42	149	149	21.3M	21.3M	18_FMNH_128100_TCGACACGAA-CGGCTTGCAT_L001
etheostoma_squamiceps_run_may2026_114	114_TF_0635_TGATGTCGAA-AGGTCCTATA_L001_R1_001.fastq.gz	114_TF_0635_TGATGTCGAA-AGGTCCTATA_L001_R2_001.fastq.gz	Etheostoma	squamiceps		Etheostoma squamiceps	INHS	run_May2026	114	INHS	INHS 48199	TF 0635	4.05		0.014	0.014	0.42	0.42	128	128	22.2M	22.2M	114_TF_0635_TGATGTCGAA-AGGTCCTATA_L001
etheostoma_tippecanoe_run_may2026_115	115_TF_0408_ACCTTCTAGA-ATCACGGTAA_L001_R1_001.fastq.gz	115_TF_0408_ACCTTCTAGA-ATCACGGTAA_L001_R2_001.fastq.gz	Etheostoma	tippecanoe		Etheostoma tippecanoe	INHS	run_May2026	115	INHS	INHS 42910	TF 0408	17.8		0.012	0.011	0.41	0.41	142	142	22.1M	22.1M	115_TF_0408_ACCTTCTAGA-ATCACGGTAA_L001
etheostoma_zonale_run_may2026_081	81_FMNH_118370_ATCACTCACA-GTTACCGTAA_L001_R1_001.fastq.gz	81_FMNH_118370_ATCACTCACA-GTTACCGTAA_L001_R2_001.fastq.gz	Etheostoma	zonale		Etheostoma zonale	FMNH	run_May2026	81	FMNH	FMNH 118370	FMNH 118370	1.02		0.009	0.013	0.41	0.42	150	150	21.6M	21.6M	81_FMNH_118370_ATCACTCACA-GTTACCGTAA_L001
extraction_blank_before_wga_gmcf3428	Extraction_Blank_before_WGA_CCACAACATG-TTACCAGTGG_L004_R1_001.fastq.gz	Extraction_Blank_before_WGA_CCACAACATG-TTACCAGTGG_L004_R2_001.fastq.gz	Extraction Blank			Extraction Blank	GMCF3428	GMCF3428						before_wga	0.004	0.001	0.51	0.5	142	142	0.0M	0.0M	Extraction_Blank_before_WGA_CCACAACATG-TTACCAGTGG_L004
extraction_blank_run_may2026_128	128_FEB1_ACGGACACCT-AGAACTTCGA_L001_R1_001.fastq.gz	128_FEB1_ACGGACACCT-AGAACTTCGA_L001_R2_001.fastq.gz	Extraction Blank			Extraction Blank	INHS	run_May2026	128	INHS		FEB1	0		0.001	0.003	0.49	0.49	140	140	0.5M	0.5M	128_FEB1_ACGGACACCT-AGAACTTCGA_L001
extraction_blank_run_may2026_129	129_FEB2_CGTTACAGCG-AGAGAGATAG_L001_R1_001.fastq.gz	129_FEB2_CGTTACAGCG-AGAGAGATAG_L001_R2_001.fastq.gz	Extraction Blank			Extraction Blank	INHS	run_May2026	129	INHS		FEB2	0		0.001	0.002	0.48	0.48	141	141	0.5M	0.5M	129_FEB2_CGTTACAGCG-AGAGAGATAG_L001
extraction_blank_run_may2026_130	130_TEB1_ACCATTGGTT-AGGAGAACGG_L001_R1_001.fastq.gz	130_TEB1_ACCATTGGTT-AGGAGAACGG_L001_R2_001.fastq.gz	Extraction Blank			Extraction Blank	INHS	run_May2026	130	INHS		TEB1	0		0.007	0.008	0.49	0.49	146	146	0.5M	0.5M	130_TEB1_ACCATTGGTT-AGGAGAACGG_L001
fundulus_catenatus_run_may2026_124	124_TF_0121_TGCATGTTAC-TCTCTGTTAG_L001_R1_001.fastq.gz	124_TF_0121_TGCATGTTAC-TCTCTGTTAG_L001_R2_001.fastq.gz	Fundulus	catenatus		Fundulus catenatus	INHS	run_May2026	124	INHS	INHS 41818	TF 0121	12.9		0.021	0.021	0.42	0.42	137	137	26.8M	26.8M	124_TF_0121_TGCATGTTAC-TCTCTGTTAG_L001
fundulus_diaphanus_menona_run_may2026_061	61_FMNH_129968_TCATGCGCTA-CCGAGAAGGT_L001_R1_001.fastq.gz	61_FMNH_129968_TCATGCGCTA-CCGAGAAGGT_L001_R2_001.fastq.gz	Fundulus	diaphanus	menona	Fundulus diaphanus menona	FMNH	run_May2026	61	FMNH	FMNH 129968	FMNH 129968	4.86		0.011	0.016	0.42	0.42	149	149	26.7M	26.7M	61_FMNH_129968_TCATGCGCTA-CCGAGAAGGT_L001
fundulus_dispar_run_may2026_063	63_FMNH_118359_GACAGCCTTG-ATTACGGTTG_L001_R1_001.fastq.gz	63_FMNH_118359_GACAGCCTTG-ATTACGGTTG_L001_R2_001.fastq.gz	Fundulus	dispar		Fundulus dispar	FMNH	run_May2026	63	FMNH	FMNH 118359	FMNH 118359	5.23		0.006	0.014	0.42	0.42	149	149	23.7M	23.7M	63_FMNH_118359_GACAGCCTTG-ATTACGGTTG_L001
fundulus_dispar_run_may2026_125	125_TF_0153_TGCCTTGCGT-CACGTAAGGT_L001_R1_001.fastq.gz	125_TF_0153_TGCCTTGCGT-CACGTAAGGT_L001_R2_001.fastq.gz	Fundulus	dispar		Fundulus dispar	INHS	run_May2026	125	INHS		TF 0153	13.9		0.012	0.012	0.43	0.43	133	134	27.6M	27.6M	125_TF_0153_TGCCTTGCGT-CACGTAAGGT_L001
fundulus_notatus_run_may2026_028	28_FMNH_131771_CTTATGGCAA-ACGTCTCCTC_L001_R1_001.fastq.gz	28_FMNH_131771_CTTATGGCAA-ACGTCTCCTC_L001_R2_001.fastq.gz	Fundulus	notatus		Fundulus notatus	FMNH	run_May2026	28	FMNH	FMNH 131771	FMNH 131771	22.7		0.007	0.011	0.42	0.42	149	149	21.6M	21.6M	28_FMNH_131771_CTTATGGCAA-ACGTCTCCTC_L001
gambusia_affinis_run_may2026_037	37_FMNH_131076_CTCGTTGCGT-TACGACACTT_L001_R1_001.fastq.gz	37_FMNH_131076_CTCGTTGCGT-TACGACACTT_L001_R2_001.fastq.gz	Gambusia	affinis		Gambusia affinis	FMNH	run_May2026	37	FMNH	FMNH 131076	FMNH 131076	3.5		0.015	0.021	0.39	0.39	150	150	25.1M	25.1M	37_FMNH_131076_CTCGTTGCGT-TACGACACTT_L001
hiodon_alosoides_run_may2026_048	48_FMNH_124709_CACGAGTATG-CGCTAAGGCT_L001_R1_001.fastq.gz	48_FMNH_124709_CACGAGTATG-CGCTAAGGCT_L001_R2_001.fastq.gz	Hiodon	alosoides		Hiodon alosoides	FMNH	run_May2026	48	FMNH	FMNH 124709	FMNH 124709	3.93		0.012	0.013	0.44	0.44	149	149	25.6M	25.6M	48_FMNH_124709_CACGAGTATG-CGCTAAGGCT_L001
hiodon_tergisus_run_may2026_102	102_TF_0060_ATATTGGAGC-TTGACCTAGC_L001_R1_001.fastq.gz	102_TF_0060_ATATTGGAGC-TTGACCTAGC_L001_R2_001.fastq.gz	Hiodon	tergisus		Hiodon tergisus	INHS	run_May2026	102	INHS	INHS 40058	TF 0060	35.6		0.011	0.012	0.44	0.44	143	144	21.9M	21.9M	102_TF_0060_ATATTGGAGC-TTGACCTAGC_L001
hypentelium_nigricans_run_may2026_075	75_FMNH_118317_ATGGAAGTGG-CACCTACGAA_L001_R1_001.fastq.gz	75_FMNH_118317_ATGGAAGTGG-CACCTACGAA_L001_R2_001.fastq.gz	Hypentelium	nigricans		Hypentelium nigricans	FMNH	run_May2026	75	FMNH	FMNH 118317	FMNH 118317	26.6		0.004	0.009	0.39	0.4	149	149	22.6M	22.6M	75_FMNH_118317_ATGGAAGTGG-CACCTACGAA_L001
hypophthalmichthys_molitrix_run_may2026_010	10_FMNH_144985_CTGCAATCGG-CGATGCAGAA_L001_R1_001.fastq.gz	10_FMNH_144985_CTGCAATCGG-CGATGCAGAA_L001_R2_001.fastq.gz	Hypophthalmichthys	molitrix		Hypophthalmichthys molitrix	FMNH	run_May2026	10	FMNH	FMNH 144985	FMNH 144985	5.48		0.005	0.005	0.37	0.38	149	149	21.8M	21.8M	10_FMNH_144985_CTGCAATCGG-CGATGCAGAA_L001
hypophthalmichthys_nobilis_run_may2026_017	17_FMNH_127851_CTACGTTCTT-CAGGTCGTAA_L001_R1_001.fastq.gz	17_FMNH_127851_CTACGTTCTT-CAGGTCGTAA_L001_R2_001.fastq.gz	Hypophthalmichthys	nobilis		Hypophthalmichthys nobilis	FMNH	run_May2026	17	FMNH	FMNH 127851	FMNH 127851	1.29		0.004	0.017	0.38	0.39	150	150	24.0M	24.0M	17_FMNH_127851_CTACGTTCTT-CAGGTCGTAA_L001
ichthyomyzon_castaneus_run_may2026_004	4_FMNH_132049_ACTCCTGCCT-CTACGGACTC_L001_R1_001.fastq.gz	4_FMNH_132049_ACTCCTGCCT-CTACGGACTC_L001_R2_001.fastq.gz	Ichthyomyzon	castaneus		Ichthyomyzon castaneus	FMNH	run_May2026	4	FMNH	FMNH 132049	FMNH 132049	12		0.021	0.024	0.49	0.49	150	150	25.2M	25.2M	4_FMNH_132049_ACTCCTGCCT-CTACGGACTC_L001
ichthyomyzon_fossor_run_may2026_002	2_FMNH_132047_TGCACGGATA-GTTGTCTGCG_L001_R1_001.fastq.gz	2_FMNH_132047_TGCACGGATA-GTTGTCTGCG_L001_R2_001.fastq.gz	Ichthyomyzon	fossor		Ichthyomyzon fossor	FMNH	run_May2026	2	FMNH	FMNH 132047	FMNH 132047	16.4		0.021	0.025	0.48	0.48	150	150	24.2M	24.2M	2_FMNH_132047_TGCACGGATA-GTTGTCTGCG_L001
ichthyomyzon_unicuspis_before_wga_gmcf3428	Ichthyomyzon_unicuspis_before_WGA_TATCCATAGC-GAGGTTGTTA_L004_R1_001.fastq.gz	Ichthyomyzon_unicuspis_before_WGA_TATCCATAGC-GAGGTTGTTA_L004_R2_001.fastq.gz	Ichthyomyzon	unicuspis		Ichthyomyzon unicuspis	GMCF3428	GMCF3428						before_wga	0.019	0.018	0.49	0.49	147	147	0.5M	0.5M	Ichthyomyzon_unicuspis_before_WGA_TATCCATAGC-GAGGTTGTTA_L004
ictalurus_furcatus_run_may2026_050	50_FMNH_126130_CTGAACCTCC-ACAATGCCTG_L001_R1_001.fastq.gz	50_FMNH_126130_CTGAACCTCC-ACAATGCCTG_L001_R2_001.fastq.gz	Ictalurus	furcatus		Ictalurus furcatus	FMNH	run_May2026	50	FMNH	FMNH 126130	FMNH 126130	0.306		0.004	0.014	0.4	0.41	150	150	25.5M	25.5M	50_FMNH_126130_CTGAACCTCC-ACAATGCCTG_L001
ictalurus_punctatus_run_may2026_060	60_FMNH_129067_CAGCCGATGT-AAGAGTTCGA_L001_R1_001.fastq.gz	60_FMNH_129067_CAGCCGATGT-AAGAGTTCGA_L001_R2_001.fastq.gz	Ictalurus	punctatus		Ictalurus punctatus	FMNH	run_May2026	60	FMNH	FMNH 129067	FMNH 129067	2.61		0.009	0.013	0.4	0.41	149	149	25.3M	25.3M	60_FMNH_129067_CAGCCGATGT-AAGAGTTCGA_L001
ictiobus_bubalus_run_may2026_072	72_FMNH_118318_TGTGCGTTAA-TCGGCATTAA_L001_R1_001.fastq.gz	72_FMNH_118318_TGTGCGTTAA-TCGGCATTAA_L001_R2_001.fastq.gz	Ictiobus	bubalus		Ictiobus bubalus	FMNH	run_May2026	72	FMNH	FMNH 118318	FMNH 118318	2.45		0.002	0.011	0.39	0.4	149	149	22.0M	22.0M	72_FMNH_118318_TGTGCGTTAA-TCGGCATTAA_L001
ictiobus_niger_run_may2026_123	123_TF_1428_GAATGTGTTG-ACGGAGATGG_L001_R1_001.fastq.gz	123_TF_1428_GAATGTGTTG-ACGGAGATGG_L001_R2_001.fastq.gz	Ictiobus	niger		Ictiobus niger	INHS	run_May2026	123	INHS	INHS 110572	TF 1428	10.8		0.003	0.01	0.39	0.4	149	149	25.5M	25.5M	123_TF_1428_GAATGTGTTG-ACGGAGATGG_L001
labidesthes_sicculus_run_may2026_040	40_FMNH_133811_AATGACGCTG-GCACTCATCC_L001_R1_001.fastq.gz	40_FMNH_133811_AATGACGCTG-GCACTCATCC_L001_R2_001.fastq.gz	Labidesthes	sicculus		Labidesthes sicculus	FMNH	run_May2026	40	FMNH	FMNH 133811	FMNH 133811	2.31		0.019	0.022	0.44	0.45	149	149	26.3M	26.3M	40_FMNH_133811_AATGACGCTG-GCACTCATCC_L001
lepisosteus_osseus_run_may2026_069	69_FMNH_118308_AACGCACGTA-TTGAATCAGG_L001_R1_001.fastq.gz	69_FMNH_118308_AACGCACGTA-TTGAATCAGG_L001_R2_001.fastq.gz	Lepisosteus	osseus		Lepisosteus osseus	FMNH	run_May2026	69	FMNH	FMNH 118308	FMNH 118308	59		0.021	0.023	0.41	0.41	149	149	26.4M	26.4M	69_FMNH_118308_AACGCACGTA-TTGAATCAGG_L001
lepisosteus_platostomus_run_may2026_070	70_FMNH_118309_TTACTGCAGG-GCACGTTCTA_L001_R1_001.fastq.gz	70_FMNH_118309_TTACTGCAGG-GCACGTTCTA_L001_R2_001.fastq.gz	Lepisosteus	platostomus		Lepisosteus platostomus	FMNH	run_May2026	70	FMNH	FMNH 118309	FMNH 118309	59		0.02	0.024	0.41	0.41	149	149	26.9M	26.9M	70_FMNH_118309_TTACTGCAGG-GCACGTTCTA_L001
lepomis_cyanellus_run_may2026_030	30_FMNH_131316_GCAAGCACCT-CGTCAGGATA_L001_R1_001.fastq.gz	30_FMNH_131316_GCAAGCACCT-CGTCAGGATA_L001_R2_001.fastq.gz	Lepomis	cyanellus		Lepomis cyanellus	FMNH	run_May2026	30	FMNH	FMNH 131316	FMNH 131316	4.81		0.006	0.012	0.41	0.42	149	149	28.9M	28.9M	30_FMNH_131316_GCAAGCACCT-CGTCAGGATA_L001
lepomis_gibbosus_run_may2026_091	91_FMNH_126325_GATGGATACA-TACGGAACCG_L001_R1_001.fastq.gz	91_FMNH_126325_GATGGATACA-TACGGAACCG_L001_R2_001.fastq.gz	Lepomis	gibbosus		Lepomis gibbosus	FMNH	run_May2026	91	FMNH	FMNH 126325	FMNH 126325	5.02		0.005	0.011	0.41	0.41	149	149	21.1M	21.1M	91_FMNH_126325_GATGGATACA-TACGGAACCG_L001
lepomis_gulosus_before_wga_gmcf3428	Lepomis_gulosus_before_WGA_GGTTGAATCT-ATACACCGTG_L004_R1_001.fastq.gz	Lepomis_gulosus_before_WGA_GGTTGAATCT-ATACACCGTG_L004_R2_001.fastq.gz	Lepomis	gulosus		Lepomis gulosus	GMCF3428	GMCF3428						before_wga	0.01	0.007	0.41	0.41	147	147	0.6M	0.6M	Lepomis_gulosus_before_WGA_GGTTGAATCT-ATACACCGTG_L004
lepomis_humilis_run_may2026_033	33_FMNH_133810_CGTCCATGTA-CGAGCACTTA_L001_R1_001.fastq.gz	33_FMNH_133810_CGTCCATGTA-CGAGCACTTA_L001_R2_001.fastq.gz	Lepomis	humilis		Lepomis humilis	FMNH	run_May2026	33	FMNH	FMNH 133810	FMNH 133810	5.65		0.007	0.011	0.42	0.42	149	149	25.9M	25.9M	33_FMNH_133810_CGTCCATGTA-CGAGCACTTA_L001
lepomis_macrochirus_run_may2026_031	31_FMNH_133821_GCCTGTCCTA-AGCGGTCTTC_L001_R1_001.fastq.gz	31_FMNH_133821_GCCTGTCCTA-AGCGGTCTTC_L001_R2_001.fastq.gz	Lepomis	macrochirus		Lepomis macrochirus	FMNH	run_May2026	31	FMNH	FMNH 133821	FMNH 133821	3.29		0.005	0.009	0.41	0.42	149	149	22.2M	22.2M	31_FMNH_133821_GCCTGTCCTA-AGCGGTCTTC_L001
lepomis_megalotis_run_may2026_079	79_FMNH_118383_CACACGCTGT-GTCTCCGTTC_L001_R1_001.fastq.gz	79_FMNH_118383_CACACGCTGT-GTCTCCGTTC_L001_R2_001.fastq.gz	Lepomis	megalotis		Lepomis megalotis	FMNH	run_May2026	79	FMNH	FMNH 118383	FMNH 118383	7.85		0.021	0.024	0.41	0.41	149	149	19.3M	19.3M	79_FMNH_118383_CACACGCTGT-GTCTCCGTTC_L001
lepomis_symmetricus_run_may2026_127	127_TF_0150_CACAACCGAA-GGACCTAGTC_L001_R1_001.fastq.gz	127_TF_0150_CACAACCGAA-GGACCTAGTC_L001_R2_001.fastq.gz	Lepomis	symmetricus		Lepomis symmetricus	INHS	run_May2026	127	INHS	INHS 42745	TF 0150	15.1		0.017	0.016	0.43	0.43	121	121	22.9M	22.9M	127_TF_0150_CACAACCGAA-GGACCTAGTC_L001
lethenteron_appendix_run_may2026_071	71_FMNH_127726_CCAGTTGAGG-ACCTTGCGAA_L001_R1_001.fastq.gz	71_FMNH_127726_CCAGTTGAGG-ACCTTGCGAA_L001_R2_001.fastq.gz	Lethenteron	appendix		Lethenteron appendix	FMNH	run_May2026	71	FMNH	FMNH 127726	FMNH 127726	1.42		0.023	0.029	0.48	0.49	149	149	23.5M	23.5M	71_FMNH_127726_CCAGTTGAGG-ACCTTGCGAA_L001
lota_lota_run_may2026_056	56_FMNH_129922_CCATGCGTTG-GACAACACGG_L001_R1_001.fastq.gz	56_FMNH_129922_CCATGCGTTG-GACAACACGG_L001_R2_001.fastq.gz	Lota	lota		Lota lota	FMNH	run_May2026	56	FMNH	FMNH 129922	FMNH 129922	6.53		0.009	0.014	0.45	0.45	149	149	24.3M	24.3M	56_FMNH_129922_CCATGCGTTG-GACAACACGG_L001
luxilus_chrysocephalus_run_may2026_074	74_FMNH_118332_CGTGGAACAC-GAACAGATGG_L001_R1_001.fastq.gz	74_FMNH_118332_CGTGGAACAC-GAACAGATGG_L001_R2_001.fastq.gz	Luxilus	chrysocephalus		Luxilus chrysocephalus	FMNH	run_May2026	74	FMNH	FMNH 118332	FMNH 118332	13		0.011	0.014	0.39	0.4	149	149	22.9M	22.9M	74_FMNH_118332_CGTGGAACAC-GAACAGATGG_L001
luxilus_cornutus_run_may2026_014	14_FMNH_118424_CGGAGTGTGT-CAGACGCCTT_L001_R1_001.fastq.gz	14_FMNH_118424_CGGAGTGTGT-CAGACGCCTT_L001_R2_001.fastq.gz	Luxilus	cornutus		Luxilus cornutus	FMNH	run_May2026	14	FMNH	FMNH 118424	FMNH 118424	2.23		0.01	0.016	0.39	0.39	149	149	24.6M	24.6M	14_FMNH_118424_CGGAGTGTGT-CAGACGCCTT_L001
luxilus_zonatus_run_may2026_104	104_TF_1418_TATCCATAGC-GAGGTTGTTA_L001_R1_001.fastq.gz	104_TF_1418_TATCCATAGC-GAGGTTGTTA_L001_R2_001.fastq.gz	Luxilus	zonatus		Luxilus zonatus	INHS	run_May2026	104	INHS	INHS 106494	TF 1418	18.3		0.021	0.021	0.39	0.39	118	118	15.5M	15.5M	104_TF_1418_TATCCATAGC-GAGGTTGTTA_L001
lythrurus_fasciolaris_run_may2026_105	105_TF_0117_TCACCATACC-TTCTTGCCAA_L001_R1_001.fastq.gz	105_TF_0117_TCACCATACC-TTCTTGCCAA_L001_R2_001.fastq.gz	Lythrurus	fasciolaris		Lythrurus fasciolaris	INHS	run_May2026	105	INHS	INHS 41402	TF 0117	9.48		0.012	0.013	0.4	0.4	122	122	24.1M	24.1M	105_TF_0117_TCACCATACC-TTCTTGCCAA_L001
lythrurus_fumeus_run_may2026_106	106_T_0495_CTGCGAAGAC-AACCACTTCC_L001_R1_001.fastq.gz	106_T_0495_CTGCGAAGAC-AACCACTTCC_L001_R2_001.fastq.gz	Lythrurus	fumeus		Lythrurus fumeus	INHS	run_May2026	106	INHS	INHS 44657	T 0495	9.45		0.02	0.021	0.42	0.42	119	119	23.8M	23.8M	106_T_0495_CTGCGAAGAC-AACCACTTCC_L001
lythrurus_umbratilis_run_may2026_005	5_FMNH_118401_CCGATAGTCG-ACGTGAACAT_L001_R1_001.fastq.gz	5_FMNH_118401_CCGATAGTCG-ACGTGAACAT_L001_R2_001.fastq.gz	Lythrurus	umbratilis		Lythrurus umbratilis	FMNH	run_May2026	5	FMNH	FMNH 118401	FMNH 118401	2.74		0.006	0.011	0.4	0.4	149	149	20.9M	20.9M	5_FMNH_118401_CCGATAGTCG-ACGTGAACAT_L001
macrhybopsis_hyostoma_run_may2026_121	121_TF_0702_GCAAGGTTCC-CTGTGCTACA_L001_R1_001.fastq.gz	121_TF_0702_GCAAGGTTCC-CTGTGCTACA_L001_R2_001.fastq.gz	Macrhybopsis	hyostoma		Macrhybopsis hyostoma	INHS	run_May2026	121	INHS	INHS 47419	TF 0702	23.1		0.009	0.01	0.4	0.4	140	140	26.1M	26.1M	121_TF_0702_GCAAGGTTCC-CTGTGCTACA_L001
micropterus_dolomieu_run_may2026_039	39_FMNH_131521_AAGCGGAGAA-AGTTCGTACA_L001_R1_001.fastq.gz	39_FMNH_131521_AAGCGGAGAA-AGTTCGTACA_L001_R2_001.fastq.gz	Micropterus	dolomieu		Micropterus dolomieu	FMNH	run_May2026	39	FMNH	FMNH 131521	FMNH 131521	25.3		0.009	0.013	0.42	0.42	149	149	18.9M	18.9M	39_FMNH_131521_AAGCGGAGAA-AGTTCGTACA_L001
micropterus_salmoides_run_may2026_053	53_FMNH_129966_AGGTAGTGCG-ATCAGCCTCC_L001_R1_001.fastq.gz	53_FMNH_129966_AGGTAGTGCG-ATCAGCCTCC_L001_R2_001.fastq.gz	Micropterus	salmoides		Micropterus salmoides	FMNH	run_May2026	53	FMNH	FMNH 129966	FMNH 129966	1.43		0.009	0.012	0.42	0.42	149	149	22.7M	22.7M	53_FMNH_129966_AGGTAGTGCG-ATCAGCCTCC_L001
misgurnus_anguillicaudatus_run_may2026_035	35_FMNH_131209_TGCTTGTGGT-CCTCGGTAGT_L001_R1_001.fastq.gz	35_FMNH_131209_TGCTTGTGGT-CCTCGGTAGT_L001_R2_001.fastq.gz	Misgurnus	anguillicaudatus		Misgurnus anguillicaudatus	FMNH	run_May2026	35	FMNH	FMNH 131209	FMNH 131209	5.59		0.011	0.014	0.39	0.39	149	149	29.9M	29.9M	35_FMNH_131209_TGCTTGTGGT-CCTCGGTAGT_L001
morone_americana_before_wga_gmcf3428	Morone_americana_before_WGA_AGCAAGACAG-GGATCTTCTT_L004_R1_001.fastq.gz	Morone_americana_before_WGA_AGCAAGACAG-GGATCTTCTT_L004_R2_001.fastq.gz	Morone	americana		Morone americana	GMCF3428	GMCF3428						before_wga	0.009	0.008	0.4	0.4	147	147	0.5M	0.5M	Morone_americana_before_WGA_AGCAAGACAG-GGATCTTCTT_L004
morone_chrysops_run_may2026_073	73_FMNH_118390_ACTAGTGCTT-ACTCTGTTCT_L001_R1_001.fastq.gz	73_FMNH_118390_ACTAGTGCTT-ACTCTGTTCT_L001_R2_001.fastq.gz	Morone	chrysops		Morone chrysops	FMNH	run_May2026	73	FMNH	FMNH 118390	FMNH 118390	4.1		0.014	0.019	0.4	0.41	149	149	23.1M	23.1M	73_FMNH_118390_ACTAGTGCTT-ACTCTGTTCT_L001
morone_mississippiensis_run_may2026_126	126_TF_0301_AGTAACACGG-GCAAGCACCT_L001_R1_001.fastq.gz	126_TF_0301_AGTAACACGG-GCAAGCACCT_L001_R2_001.fastq.gz	Morone	mississippiensis		Morone mississippiensis	INHS	run_May2026	126	INHS		TF 0301	9.97		0.01	0.01	0.41	0.41	147	147	25.2M	25.2M	126_TF_0301_AGTAACACGG-GCAAGCACCT_L001
moxostoma_anisurum_run_may2026_084	84_FMNH_118321_GCCGAACTTG-GATCTCGTCC_L001_R1_001.fastq.gz	84_FMNH_118321_GCCGAACTTG-GATCTCGTCC_L001_R2_001.fastq.gz	Moxostoma	anisurum		Moxostoma anisurum	FMNH	run_May2026	84	FMNH	FMNH 118321	FMNH 118321	1.53		0.003	0.009	0.4	0.41	149	149	19.9M	19.9M	84_FMNH_118321_GCCGAACTTG-GATCTCGTCC_L001
moxostoma_erythrurum_run_may2026_062	62_FMNH_118322_ACTCCGTCCA-GTTGGCGTCT_L001_R1_001.fastq.gz	62_FMNH_118322_ACTCCGTCCA-GTTGGCGTCT_L001_R2_001.fastq.gz	Moxostoma	erythrurum		Moxostoma erythrurum	FMNH	run_May2026	62	FMNH	FMNH 118322	FMNH 118322	2.91		0.003	0.012	0.39	0.4	149	149	20.0M	20.0M	62_FMNH_118322_ACTCCGTCCA-GTTGGCGTCT_L001
moxostoma_macrolepidotum_run_may2026_036	36_FMNH_131379_TGTAAGCACA-AGAACACATC_L001_R1_001.fastq.gz	36_FMNH_131379_TGTAAGCACA-AGAACACATC_L001_R2_001.fastq.gz	Moxostoma	macrolepidotum		Moxostoma macrolepidotum	FMNH	run_May2026	36	FMNH	FMNH 131379	FMNH 131379	4.84		0.006	0.009	0.4	0.4	149	149	24.6M	24.6M	36_FMNH_131379_TGTAAGCACA-AGAACACATC_L001
moxostoma_valenciennesi_before_wga_gmcf3428	Moxostoma_valenciennesi_before_WGA_TCAACACTCT-CCACTTACCG_L004_R1_001.fastq.gz	Moxostoma_valenciennesi_before_WGA_TCAACACTCT-CCACTTACCG_L004_R2_001.fastq.gz	Moxostoma	valenciennesi		Moxostoma valenciennesi	GMCF3428	GMCF3428						before_wga	0.009	0.007	0.4	0.4	147	147	0.5M	0.5M	Moxostoma_valenciennesi_before_WGA_TCAACACTCT-CCACTTACCG_L004
myoxocephalus_thompsonii_before_wga_gmcf3428	Myoxocephalus_thompsonii_before_WGA_CGCTCGATTG-AATACACAGG_L004_R1_001.fastq.gz	Myoxocephalus_thompsonii_before_WGA_CGCTCGATTG-AATACACAGG_L004_R2_001.fastq.gz	Myoxocephalus	thompsonii		Myoxocephalus thompsonii	GMCF3428	GMCF3428						before_wga	0.031	0.027	0.43	0.43	147	147	0.5M	0.5M	Myoxocephalus_thompsonii_before_WGA_CGCTCGATTG-AATACACAGG_L004
neogobius_melanostomus_run_may2026_096	96_FMNH_126224_TCAATCGTCT-GACTATGTCA_L001_R1_001.fastq.gz	96_FMNH_126224_TCAATCGTCT-GACTATGTCA_L001_R2_001.fastq.gz	Neogobius	melanostomus		Neogobius melanostomus	FMNH	run_May2026	96	FMNH	FMNH 126224	FMNH 126224	5.73		0.009	0.013	0.42	0.42	149	149	23.0M	23.0M	96_FMNH_126224_TCAATCGTCT-GACTATGTCA_L001
nocomis_biguttatus_run_may2026_087	87_FMNH_126259_TCCGACGATT-TGGTATCCGG_L001_R1_001.fastq.gz	87_FMNH_126259_TCCGACGATT-TGGTATCCGG_L001_R2_001.fastq.gz	Nocomis	biguttatus		Nocomis biguttatus	FMNH	run_May2026	87	FMNH	FMNH 126259	FMNH 126259	12.8		0.005	0.013	0.39	0.4	149	149	22.1M	22.1M	87_FMNH_126259_TCCGACGATT-TGGTATCCGG_L001
nocomis_micropogon_run_may2026_122	122_TF_0406_ATAGGACACA-AAGACGTCAA_L001_R1_001.fastq.gz	122_TF_0406_ATAGGACACA-AAGACGTCAA_L001_R2_001.fastq.gz	Nocomis	micropogon		Nocomis micropogon	INHS	run_May2026	122	INHS	INHS 42958	TF 0406	32.6		0.013	0.013	0.4	0.4	138	138	24.9M	24.9M	122_TF_0406_ATAGGACACA-AAGACGTCAA_L001
notemigonus_crysoleucas_run_may2026_046	46_FMNH_130192_TTCATAGACC-GCATGTTGAA_L001_R1_001.fastq.gz	46_FMNH_130192_TTCATAGACC-GCATGTTGAA_L001_R2_001.fastq.gz	Notemigonus	crysoleucas		Notemigonus crysoleucas	FMNH	run_May2026	46	FMNH	FMNH 130192	FMNH 130192	3.43		0.007	0.01	0.4	0.4	149	149	26.0M	26.0M	46_FMNH_130192_TTCATAGACC-GCATGTTGAA_L001
notropis_atherinoides_run_may2026_022	22_FMNH_128271_GGCCAGTGAA-CATTAGCAGA_L001_R1_001.fastq.gz	22_FMNH_128271_GGCCAGTGAA-CATTAGCAGA_L001_R2_001.fastq.gz	Notropis	atherinoides		Notropis atherinoides	FMNH	run_May2026	22	FMNH	FMNH 128271	FMNH 128271	3.94		0.01	0.012	0.4	0.4	145	146	27.2M	27.2M	22_FMNH_128271_GGCCAGTGAA-CATTAGCAGA_L001
notropis_buccatus_run_may2026_027	27_FMNH_131180_CTGTACGGTA-CGTACCTTCC_L001_R1_001.fastq.gz	27_FMNH_131180_CTGTACGGTA-CGTACCTTCC_L001_R2_001.fastq.gz	Notropis	buccatus		Notropis buccatus	FMNH	run_May2026	27	FMNH	FMNH 131180	FMNH 131180	6.02		0.008	0.018	0.39	0.4	149	150	24.2M	24.2M	27_FMNH_131180_CTGTACGGTA-CGTACCTTCC_L001
notropis_dorsalis_run_may2026_008	8_FMNH_150116_ATACGGATAG-CTCTGCGCTT_L001_R1_001.fastq.gz	8_FMNH_150116_ATACGGATAG-CTCTGCGCTT_L001_R2_001.fastq.gz	Notropis	dorsalis		Notropis dorsalis	FMNH	run_May2026	8	FMNH	FMNH 150116	FMNH 150116	6.52		0.009	0.014	0.39	0.4	149	149	21.6M	21.6M	8_FMNH_150116_ATACGGATAG-CTCTGCGCTT_L001
notropis_heterodon_run_may2026_090	90_FMNH_126229_TTGTCTATGG-GTGTACTCAA_L001_R1_001.fastq.gz	90_FMNH_126229_TTGTCTATGG-GTGTACTCAA_L001_R2_001.fastq.gz	Notropis	heterodon		Notropis heterodon	FMNH	run_May2026	90	FMNH	FMNH 126229	FMNH 126229	3.79		0.006	0.015	0.41	0.42	149	149	22.5M	22.5M	90_FMNH_126229_TTGTCTATGG-GTGTACTCAA_L001
notropis_hudsonius_before_wga_gmcf3428	Notropis_hudsonius_before_WGA_TCACCATACC-TTCTTGCCAA_L004_R1_001.fastq.gz	Notropis_hudsonius_before_WGA_TCACCATACC-TTCTTGCCAA_L004_R2_001.fastq.gz	Notropis	hudsonius		Notropis hudsonius	GMCF3428	GMCF3428						before_wga	0.028	0.025	0.39	0.39	147	147	0.5M	0.5M	Notropis_hudsonius_before_WGA_TCACCATACC-TTCTTGCCAA_L004
notropis_nubilus_run_may2026_009	9_FMNH_150119_AATAGCCTCA-ACTAAGTCGG_L001_R1_001.fastq.gz	9_FMNH_150119_AATAGCCTCA-ACTAAGTCGG_L001_R2_001.fastq.gz	Notropis	nubilus		Notropis nubilus	FMNH	run_May2026	9	FMNH	FMNH 150119	FMNH 150119	6.31		0.027	0.028	0.39	0.39	149	149	22.7M	22.7M	9_FMNH_150119_AATAGCCTCA-ACTAAGTCGG_L001
notropis_percobromus_run_may2026_034	34_FMNH_133795_CTAACTGCAA-CTACGATGTG_L001_R1_001.fastq.gz	34_FMNH_133795_CTAACTGCAA-CTACGATGTG_L001_R2_001.fastq.gz	Notropis	percobromus		Notropis percobromus	FMNH	run_May2026	34	FMNH	FMNH 133795	FMNH 133795	4.26		0.004	0.009	0.39	0.39	149	149	22.8M	22.8M	34_FMNH_133795_CTAACTGCAA-CTACGATGTG_L001
notropis_rubellus_run_may2026_080	80_FMNH_118339_TGGTTGTACA-GATGGTAGCG_L001_R1_001.fastq.gz	80_FMNH_118339_TGGTTGTACA-GATGGTAGCG_L001_R2_001.fastq.gz	Notropis	rubellus		Notropis rubellus	FMNH	run_May2026	80	FMNH	FMNH 118339	FMNH 118339	5.85		0.005	0.008	0.39	0.39	149	149	24.4M	24.4M	80_FMNH_118339_TGGTTGTACA-GATGGTAGCG_L001
notropis_stramineus_run_may2026_078	78_FMNH_118341_GAGCGTGGAA-GTACCTTAGA_L001_R1_001.fastq.gz	78_FMNH_118341_GAGCGTGGAA-GTACCTTAGA_L001_R2_001.fastq.gz	Notropis	stramineus		Notropis stramineus	FMNH	run_May2026	78	FMNH	FMNH 118341	FMNH 118341	1.39		0.012	0.015	0.39	0.4	149	149	22.1M	22.1M	78_FMNH_118341_GAGCGTGGAA-GTACCTTAGA_L001
notropis_volucellus_before_wga_gmcf3428	Notropis_volucellus_before_WGA_AACTCGTTAG-ATGAGGCACC_L004_R1_001.fastq.gz	Notropis_volucellus_before_WGA_AACTCGTTAG-ATGAGGCACC_L004_R2_001.fastq.gz	Notropis	volucellus		Notropis volucellus	GMCF3428	GMCF3428						before_wga	0.025	0.023	0.39	0.39	147	147	0.4M	0.4M	Notropis_volucellus_before_WGA_AACTCGTTAG-ATGAGGCACC_L004
noturus_exilis_run_may2026_006	6_FMNH_118411_CAAGATCGAA-AACCATCGAA_L001_R1_001.fastq.gz	6_FMNH_118411_CAAGATCGAA-AACCATCGAA_L001_R2_001.fastq.gz	Noturus	exilis		Noturus exilis	FMNH	run_May2026	6	FMNH	FMNH 118411	FMNH 118411	1.7		0.008	0.013	0.41	0.41	149	149	21.5M	21.5M	6_FMNH_118411_CAAGATCGAA-AACCATCGAA_L001
noturus_flavus_run_may2026_067	67_FMNH_118355_GTGAAGCTGC-CTCACATTGC_L001_R1_001.fastq.gz	67_FMNH_118355_GTGAAGCTGC-CTCACATTGC_L001_R2_001.fastq.gz	Noturus	flavus		Noturus flavus	FMNH	run_May2026	67	FMNH	FMNH 118355	FMNH 118355	5.29		0.014	0.022	0.41	0.42	149	149	22.7M	22.7M	67_FMNH_118355_GTGAAGCTGC-CTCACATTGC_L001
noturus_gyrinus_run_may2026_043	43_FMNH_131063_GTAGTGGCTT-AACAGCGGTG_L001_R1_001.fastq.gz	43_FMNH_131063_GTAGTGGCTT-AACAGCGGTG_L001_R2_001.fastq.gz	Noturus	gyrinus		Noturus gyrinus	FMNH	run_May2026	43	FMNH	FMNH 131063	FMNH 131063	4.39		0.01	0.016	0.41	0.41	150	150	25.5M	25.5M	43_FMNH_131063_GTAGTGGCTT-AACAGCGGTG_L001
oncorhynchus_kisutch_run_may2026_099	99_FMNH_126298_GGTTGAATCT-ATACACCGTG_L001_R1_001.fastq.gz	99_FMNH_126298_GGTTGAATCT-ATACACCGTG_L001_R2_001.fastq.gz	Oncorhynchus	kisutch		Oncorhynchus kisutch	FMNH	run_May2026	99	FMNH	FMNH 126298	FMNH 126298	26		0.013	0.02	0.43	0.44	149	149	18.9M	18.9M	99_FMNH_126298_GGTTGAATCT-ATACACCGTG_L001
oncorhynchus_mykiss_run_may2026_088	88_FMNH_126299_AGGCTATGTT-CGGTGGACAT_L001_R1_001.fastq.gz	88_FMNH_126299_AGGCTATGTT-CGGTGGACAT_L001_R2_001.fastq.gz	Oncorhynchus	mykiss		Oncorhynchus mykiss	FMNH	run_May2026	88	FMNH	FMNH 126299	FMNH 126299	24.8		0.012	0.016	0.43	0.44	149	149	23.7M	23.7M	88_FMNH_126299_AGGCTATGTT-CGGTGGACAT_L001
oncorhynchus_tshawytscha_run_may2026_098	98_FMNH_126268_AGCAAGACAG-GGATCTTCTT_L001_R1_001.fastq.gz	98_FMNH_126268_AGCAAGACAG-GGATCTTCTT_L001_R2_001.fastq.gz	Oncorhynchus	tshawytscha		Oncorhynchus tshawytscha	FMNH	run_May2026	98	FMNH	FMNH 126268	FMNH 126268	12.3		0.008	0.013	0.43	0.43	149	149	17.7M	17.7M	98_FMNH_126268_AGCAAGACAG-GGATCTTCTT_L001
osmerus_mordax_run_may2026_055	55_FMNH_130111_ACTTGTGACG-GGAGCTTGTG_L001_R1_001.fastq.gz	55_FMNH_130111_ACTTGTGACG-GGAGCTTGTG_L001_R2_001.fastq.gz	Osmerus	mordax		Osmerus mordax	FMNH	run_May2026	55	FMNH	FMNH 130111	FMNH 130111	0.853		0.019	0.024	0.44	0.44	149	149	21.7M	21.7M	55_FMNH_130111_ACTTGTGACG-GGAGCTTGTG_L001
perca_flavescens_run_may2026_059	59_FMNH_129964_CTTGATATCC-AATGTCTGGA_L001_R1_001.fastq.gz	59_FMNH_129964_CTTGATATCC-AATGTCTGGA_L001_R2_001.fastq.gz	Perca	flavescens		Perca flavescens	FMNH	run_May2026	59	FMNH	FMNH 129964	FMNH 129964	1.8		0.01	0.012	0.41	0.41	149	149	29.3M	29.3M	59_FMNH_129964_CTTGATATCC-AATGTCTGGA_L001
percina_caprodes_run_may2026_003	3_FMNH_118414_GGTTGATAGA-TCTGCTCCGA_L001_R1_001.fastq.gz	3_FMNH_118414_GGTTGATAGA-TCTGCTCCGA_L001_R2_001.fastq.gz	Percina	caprodes		Percina caprodes	FMNH	run_May2026	3	FMNH	FMNH 118414	FMNH 118414	1.71		0.013	0.02	0.41	0.41	149	149	22.5M	22.5M	3_FMNH_118414_GGTTGATAGA-TCTGCTCCGA_L001
percina_copelandi_run_may2026_116	116_TF_0209_AGTTCCGCTC-ACTCTAACGT_L001_R1_001.fastq.gz	116_TF_0209_AGTTCCGCTC-ACTCTAACGT_L001_R2_001.fastq.gz	Percina	copelandi		Percina copelandi	INHS	run_May2026	116	INHS		TF 0209	7.41		0.035	0.035	0.41	0.41	139	139	22.6M	22.6M	116_TF_0209_AGTTCCGCTC-ACTCTAACGT_L001
percina_evides_run_may2026_117	117_TF_0012_TTAGTCTGCT-CTTAGCGCTG_L001_R1_001.fastq.gz	117_TF_0012_TTAGTCTGCT-CTTAGCGCTG_L001_R2_001.fastq.gz	Percina	evides		Percina evides	INHS	run_May2026	117	INHS		TF 0012	4.5		0.032	0.033	0.41	0.41	121	121	28.0M	28.0M	117_TF_0012_TTAGTCTGCT-CTTAGCGCTG_L001
percina_maculata_run_may2026_044	44_FMNH_131907_CGTAACAGAA-CCGCTATAGA_L001_R1_001.fastq.gz	44_FMNH_131907_CGTAACAGAA-CCGCTATAGA_L001_R2_001.fastq.gz	Percina	maculata		Percina maculata	FMNH	run_May2026	44	FMNH	FMNH 131907	FMNH 131907	4.68		0.018	0.019	0.41	0.41	133	133	25.5M	25.5M	44_FMNH_131907_CGTAACAGAA-CCGCTATAGA_L001
percina_phoxocephala_run_may2026_011	11_FMNH_150860_CCTGAGTTAT-TGGCACTTCC_L001_R1_001.fastq.gz	11_FMNH_150860_CCTGAGTTAT-TGGCACTTCC_L001_R2_001.fastq.gz	Percina	phoxocephala		Percina phoxocephala	FMNH	run_May2026	11	FMNH	FMNH 150860	FMNH 150860	5.81		0.016	0.017	0.41	0.41	149	149	27.0M	27.0M	11_FMNH_150860_CCTGAGTTAT-TGGCACTTCC_L001
percina_sciera_run_may2026_118	118_TF_0221_TGTCGGCGAT-GAGTACCTGT_L001_R1_001.fastq.gz	118_TF_0221_TGTCGGCGAT-GAGTACCTGT_L001_R2_001.fastq.gz	Percina	sciera		Percina sciera	INHS	run_May2026	118	INHS	INHS 38466	TF 0221	30.8		0.042	0.042	0.42	0.42	132	132	23.1M	23.1M	118_TF_0221_TGTCGGCGAT-GAGTACCTGT_L001
percina_shumardi_run_may2026_119	119_TF_0016_ACTTAACACC-TGCTATCTAG_L001_R1_001.fastq.gz	119_TF_0016_ACTTAACACC-TGCTATCTAG_L001_R2_001.fastq.gz	Percina	shumardi		Percina shumardi	INHS	run_May2026	119	INHS		TF 0016	12.9		0.011	0.01	0.41	0.41	136	136	23.7M	23.7M	119_TF_0016_ACTTAACACC-TGCTATCTAG_L001
petromyzon_marinus_run_may2026_007	7_FMNH_136864_AGGCTCCTTC-TGCACGGATA_L001_R1_001.fastq.gz	7_FMNH_136864_AGGCTCCTTC-TGCACGGATA_L001_R2_001.fastq.gz	Petromyzon	marinus		Petromyzon marinus	FMNH	run_May2026	7	FMNH	FMNH 136864	FMNH 136864	16		0.026	0.034	0.49	0.49	150	150	20.5M	20.5M	7_FMNH_136864_AGGCTCCTTC-TGCACGGATA_L001
phenacobius_mirabilis_run_may2026_049	49_FMNH_130081_CCGCTACCAA-ACTGAGGTAA_L001_R1_001.fastq.gz	49_FMNH_130081_CCGCTACCAA-ACTGAGGTAA_L001_R2_001.fastq.gz	Phenacobius	mirabilis		Phenacobius mirabilis	FMNH	run_May2026	49	FMNH	FMNH 130081	FMNH 130081	4.58		0.012	0.014	0.4	0.4	149	149	26.0M	26.0M	49_FMNH_130081_CCGCTACCAA-ACTGAGGTAA_L001
pimephales_notatus_run_may2026_013	13_FMNH_118425_GAATAATCGG-ATCTCCTGAA_L001_R1_001.fastq.gz	13_FMNH_118425_GAATAATCGG-ATCTCCTGAA_L001_R2_001.fastq.gz	Pimephales	notatus		Pimephales notatus	FMNH	run_May2026	13	FMNH	FMNH 118425	FMNH 118425	2.84		0.029	0.031	0.39	0.39	149	149	26.0M	26.0M	13_FMNH_118425_GAATAATCGG-ATCTCCTGAA_L001
pimephales_promelas_run_may2026_077	77_FMNH_127316_GTCCTTGGTG-CCTCTTGACA_L001_R1_001.fastq.gz	77_FMNH_127316_GTCCTTGGTG-CCTCTTGACA_L001_R2_001.fastq.gz	Pimephales	promelas		Pimephales promelas	FMNH	run_May2026	77	FMNH	FMNH 127316	FMNH 127316	6.21		0.016	0.018	0.39	0.4	149	149	24.8M	24.8M	77_FMNH_127316_GTCCTTGGTG-CCTCTTGACA_L001
pomoxis_annularis_run_may2026_021	21_FMNH_128264_AACGTTGAGA-TTACCGACCG_L001_R1_001.fastq.gz	21_FMNH_128264_AACGTTGAGA-TTACCGACCG_L001_R2_001.fastq.gz	Pomoxis	annularis		Pomoxis annularis	FMNH	run_May2026	21	FMNH	FMNH 128264	FMNH 128264	3.7		0.017	0.019	0.43	0.43	149	149	28.2M	28.2M	21_FMNH_128264_AACGTTGAGA-TTACCGACCG_L001
pomoxis_nigromaculatus_run_may2026_024	24_FMNH_128165_GAAGGCGTTC-GCTAGAGGTG_L001_R1_001.fastq.gz	24_FMNH_128165_GAAGGCGTTC-GCTAGAGGTG_L001_R2_001.fastq.gz	Pomoxis	nigromaculatus		Pomoxis nigromaculatus	FMNH	run_May2026	24	FMNH	FMNH 128165	FMNH 128165	7.95		0.008	0.019	0.42	0.43	150	150	23.3M	23.3M	24_FMNH_128165_GAAGGCGTTC-GCTAGAGGTG_L001
pungitius_pungitius_run_may2026_025	25_FMNH_117755_TGTTCCTAGA-CGGTAAGTAA_L001_R1_001.fastq.gz	25_FMNH_117755_TGTTCCTAGA-CGGTAAGTAA_L001_R2_001.fastq.gz	Pungitius	pungitius		Pungitius pungitius	FMNH	run_May2026	25	FMNH	FMNH 117755	FMNH 117755	2.14		0.008	0.014	0.45	0.45	149	149	26.0M	26.0M	25_FMNH_117755_TGTTCCTAGA-CGGTAAGTAA_L001
rhinichthys_cataractae_run_may2026_023	23_FMNH_128317_ATGTCTCCGG-CGAATAAGAG_L001_R1_001.fastq.gz	23_FMNH_128317_ATGTCTCCGG-CGAATAAGAG_L001_R2_001.fastq.gz	Rhinichthys	cataractae		Rhinichthys cataractae	FMNH	run_May2026	23	FMNH	FMNH 128317	FMNH 128317	6.25		0.008	0.012	0.41	0.42	149	149	20.0M	20.0M	23_FMNH_128317_ATGTCTCCGG-CGAATAAGAG_L001
rhinichthys_obtusus_run_may2026_042	42_FMNH_131906_TGAAGGTGAA-AACGAGGCGT_L001_R1_001.fastq.gz	42_FMNH_131906_TGAAGGTGAA-AACGAGGCGT_L001_R2_001.fastq.gz	Rhinichthys	obtusus		Rhinichthys obtusus	FMNH	run_May2026	42	FMNH	FMNH 131906	FMNH 131906	12		0.021	0.021	0.41	0.41	139	139	31.2M	31.2M	42_FMNH_131906_TGAAGGTGAA-AACGAGGCGT_L001
salmo_trutta_before_wga_gmcf3428	Salmo_trutta_before_WGA_GTGTCGGATT-AAGCGGAGAA_L004_R1_001.fastq.gz	Salmo_trutta_before_WGA_GTGTCGGATT-AAGCGGAGAA_L004_R2_001.fastq.gz	Salmo	trutta		Salmo trutta	GMCF3428	GMCF3428						before_wga	0.016	0.015	0.44	0.44	147	147	0.5M	0.5M	Salmo_trutta_before_WGA_GTGTCGGATT-AAGCGGAGAA_L004
salvelinus_fontinalis_before_wga_gmcf3428	Salvelinus_fontinalis_before_WGA_GTGTGGCGAA-GAAGGTTAGA_L004_R1_001.fastq.gz	Salvelinus_fontinalis_before_WGA_GTGTGGCGAA-GAAGGTTAGA_L004_R2_001.fastq.gz	Salvelinus	fontinalis		Salvelinus fontinalis	GMCF3428	GMCF3428						before_wga	0.03	0.029	0.44	0.44	147	147	0.5M	0.5M	Salvelinus_fontinalis_before_WGA_GTGTGGCGAA-GAAGGTTAGA_L004
sander_canadensis_run_may2026_120	120_TF_0157_GCCAAGGAGT-TAAGGTCCAA_L001_R1_001.fastq.gz	120_TF_0157_GCCAAGGAGT-TAAGGTCCAA_L001_R2_001.fastq.gz	Sander	canadensis		Sander canadensis	INHS	run_May2026	120	INHS	INHS 43066	TF 0157	9.77		0.013	0.013	0.41	0.41	147	147	24.6M	24.6M	120_TF_0157_GCCAAGGAGT-TAAGGTCCAA_L001
sander_vitreus_run_may2026_064	64_FMNH_118365_CGGTTATCTG-CAACGCATAA_L001_R1_001.fastq.gz	64_FMNH_118365_CGGTTATCTG-CAACGCATAA_L001_R2_001.fastq.gz	Sander	vitreus		Sander vitreus	FMNH	run_May2026	64	FMNH	FMNH 118365	FMNH 118365	1.94		0.007	0.011	0.41	0.42	149	149	24.3M	24.3M	64_FMNH_118365_CGGTTATCTG-CAACGCATAA_L001
scaphirhynchus_platorynchus_run_may2026_100	100_TF_1432_TCAACACTCT-CCACTTACCG_L001_R1_001.fastq.gz	100_TF_1432_TCAACACTCT-CCACTTACCG_L001_R2_001.fastq.gz	Scaphirhynchus	platorynchus		Scaphirhynchus platorynchus	INHS	run_May2026	100	INHS	INHS 1076628	TF 1432	17.9		0.01	0.01	0.41	0.41	132	132	24.9M	24.9M	100_TF_1432_TCAACACTCT-CCACTTACCG_L001
semotilus_atromaculatus_run_may2026_001	1_FMNH_118394_TATCTTCAGC-CGAATATTGG_L001_R1_001.fastq.gz	1_FMNH_118394_TATCTTCAGC-CGAATATTGG_L001_R2_001.fastq.gz	Semotilus	atromaculatus		Semotilus atromaculatus	FMNH	run_May2026	1	FMNH	FMNH 118394	FMNH 118394	6.35		0.006	0.012	0.43	0.43	149	149	20.9M	20.9M	1_FMNH_118394_TATCTTCAGC-CGAATATTGG_L001
semotilus_atromaculatus_run_may2026_097	97_FMNH_126328_CCGGAACGAA-CATAGTGTAG_L001_R1_001.fastq.gz	97_FMNH_126328_CCGGAACGAA-CATAGTGTAG_L001_R2_001.fastq.gz	Semotilus	atromaculatus		Semotilus atromaculatus	FMNH	run_May2026	97	FMNH	FMNH 126328	FMNH 126328	4.96		0.006	0.009	0.39	0.39	149	149	15.3M	15.3M	97_FMNH_126328_CCGGAACGAA-CATAGTGTAG_L001
umbra_limi_run_may2026_052	52_FMNH_129965_TTAACGCAGA-GGCGGATCAA_L001_R1_001.fastq.gz	52_FMNH_129965_TTAACGCAGA-GGCGGATCAA_L001_R2_001.fastq.gz	Umbra	limi		Umbra limi	FMNH	run_May2026	52	FMNH	FMNH 129965	FMNH 129965	5.87		0.008	0.013	0.41	0.42	150	150	23.9M	23.9M	52_FMNH_129965_TTAACGCAGA-GGCGGATCAA_L001
